File,Average Word Count,Lexical Diversity (TTR),Most Common Words
Amherst College.csv,85,0.6337209302325582,"[('community', 3), ('decision', 3), ('student', 3), ('body', 3), ('supreme', 2), ('law', 2), ('commitment', 2), ('diverse', 2), ('college', 2), ('remain', 2), ('amherst', 1), ('writing', 1), ('express', 1), ('grave', 1), ('disappointment', 1), ('today’s', 1), ('us', 1), ('court', 1), ('regarding', 1), ('raceconscious', 1), ('admissions', 1), ('practices', 1), ('changed', 1), ('change', 1), ('building', 1), ('perspectives', 1), ('backgrounds', 1), ('experiences', 1), ('believe', 1), ('vital', 1), ('success', 1), ('residential', 1), ('living', 1), ('learning', 1), ('anticipating', 1), ('preparing', 1), ('court’s', 1), ('many', 1), ('months', 1), ('take', 1), ('time', 1), ('evaluate', 1), ('full', 1), ('implications', 1), ('resolute', 1), ('recruiting', 1), ('dimensions', 1), ('accordance', 1), ('profoundly', 1), ('grateful', 1), ('share', 1), ('intellectual', 1), ('curiosity', 1), ('passion', 1), ('dedication', 1), ('make', 1), ('special', 1), ('confident', 1), ('alumni', 1), ('students', 1), ('continue', 1), ('proud', 1), ('tradition', 1), ('translating', 1), ('learned', 1), ('positive', 1), ('impact', 1), ('world', 1), ('far', 1)]"
Babson College.csv,227,0.56282722513089,"[('babson', 5), ('continue', 5), ('ruling', 4), ('admissions', 4), ('diverse', 4), ('supreme', 3), ('court', 3), ('belonging', 3), ('student', 3), ('institution', 3), ('students', 3), ('remains', 2), ('remain', 2), ('holistic', 2), ('values', 2), ('diversity', 2), ('equity', 2), ('body', 2), ('across', 2), ('mission', 2), ('learning', 2), ('experiences', 2), ('critical', 2), ('entrepreneurial', 2), ('prepare', 2), ('academic', 2), ('community', 2), ('inclusive', 2), ('raceconscious', 1), ('aka', 1), ('affirmative', 1), ('action', 1), ('many', 1), ('know', 1), ('today’s', 1), ('decided', 1), ('harvard', 1), ('unc’s', 1), ('programs', 1), ('violate', 1), ('equal', 1), ('protection', 1), ('clause', 1), ('14th', 1), ('amendment', 1), ('immensely', 1), ('disappointed', 1), ('though', 1), ('agree', 1), ('decision', 1), ('legal', 1), ('obligation', 1), ('comply', 1), ('within', 1), ('context', 1), ('undeterred', 1), ('working', 1), ('tirelessly', 1), ('ensure', 1), ('processes', 1), ('reflective', 1), ('institutional', 1), ('uphold', 1), ('unwavering', 1), ('commitment', 1), ('advancing', 1), ('inclusion', 1), ('communities', 1), ('strategic', 1)]"
Barnard College.csv,265,0.5151515151515151,"[('ruling', 7), ('barnard', 6), ('us', 5), ('community', 4), ('college', 4), ('challenge', 3), ('diversity', 3), ('student', 3), ('body', 3), ('mission', 3), ('today’s', 2), ('race', 2), ('presents', 2), ('continue', 2), ('equity', 2), ('nation', 2), ('greatest', 2), ('institutions', 2), ('remains', 2), ('committed', 2), ('inclusion', 2), ('adapt', 2), ('new', 2), ('created', 2), ('higher', 2), ('education', 2), ('emphasized', 2), ('diverse', 2), ('different', 2), ('commitment', 2), ('environment', 2), ('day', 2), ('past', 2), ('think', 2), ('time', 2), ('months', 2), ('respond', 2), ('dear', 1), ('members', 1), ('supreme', 1), ('court', 1), ('limiting', 1), ('consideration', 1), ('admissions', 1), ('historic', 1), ('strive', 1), ('deeply', 1), ('even', 1), ('legal', 1), ('landscape', 1), ('august', 1), ('2022', 1), ('along', 1), ('32', 1), ('submitted', 1), ('amicus', 1), ('brief', 1), ('educational', 1), ('benefits', 1), ('building', 1), ('backgrounds', 1), ('varied', 1), ('experiences', 1), ('viewpoints', 1), ('enshrined', 1), ('institutional', 1), ('states', 1), ('“located', 1), ('cosmopolitan', 1)]"
Bates College.csv,312,0.48026315789473684,"[('students', 9), ('bates', 6), ('decision', 5), ('also', 5), ('education', 4), ('opportunity', 4), ('college', 4), ('commitment', 4), ('learn', 4), ('continue', 4), ('many', 3), ('court’s', 3), ('teach', 3), ('diverse', 3), ('work', 3), ('court', 2), ('ruling', 2), ('years', 2), ('practices', 2), ('role', 2), ('informed', 2), ('potential', 2), ('law', 2), ('time', 2), ('first', 2), ('new', 2), ('black', 2), ('white', 2), ('together', 2), ('would', 2), ('mission', 2), ('understand', 2), ('essential', 2), ('world', 2), ('beyond', 2), ('classroom', 2), ('community', 2), ('environment', 2), ('opportunities', 2), ('move', 2), ('forward', 2), ('allow', 2), ('best', 2), ('deeply', 1), ('disappointed', 1), ('today’s', 1), ('supreme', 1), ('turns', 1), ('back', 1), ('clock', 1), ('45', 1), ('established', 1), ('constitutional', 1), ('principle', 1), ('significantly', 1), ('restricts', 1), ('admissions', 1), ('used', 1), ('colleges', 1), ('universities', 1), ('including', 1), ('fails', 1), ('acknowledge', 1), ('race', 1), ('american', 1), ('history', 1), ('contemporary', 1), ('social', 1), ('structures', 1)]"
Boston College.csv,215,0.5759312320916905,"[('college', 8), ('boston', 5), ('students', 5), ('education', 4), ('student', 4), ('university', 4), ('admission', 3), ('higher', 3), ('diverse', 3), ('american', 3), ('court', 2), ('race', 2), ('talented', 2), ('body', 2), ('intellectual', 2), ('undergraduate', 2), ('percent', 2), ('attend', 2), ('enrolling', 2), ('within', 2), ('new', 2), ('program', 2), ('colleges', 2), ('universities', 2), ('academic', 2), ('year', 2), ('law', 2), ('today’s', 1), ('supreme', 1), ('ruling', 1), ('banning', 1), ('inclusion', 1), ('factor', 1), ('process', 1), ('frustrating', 1), ('departure', 1), ('decadeslong', 1), ('judicial', 1), ('precedent', 1), ('consideration', 1), ('decisions', 1), ('enabled', 1), ('institutions', 1), ('like', 1), ('identify', 1), ('enroll', 1), ('graduate', 1), ('racial', 1), ('groups', 1), ('greatly', 1), ('benefitted', 1), ('varied', 1), ('backgrounds', 1), ('enriched', 1), ('discourse', 1), ('social', 1), ('life', 1), ('campus', 1), ('august', 1), ('welcome', 1), ('accomplished', 1), ('racially', 1), ('class', 1), ('record', 1), ('39', 1), ('identifying', 1), ('ahana', 1), ('african', 1), ('hispanic', 1)]"
Boston University.csv,181,0.5292397660818714,"[('community', 5), ('inclusive', 5), ('university', 5), ('diverse', 5), ('excellence', 4), ('boston', 4), ('student', 4), ('academic', 3), ('body', 3), ('students', 3), ('diversity', 2), ('ruling', 2), ('admissions', 2), ('practices', 2), ('less', 2), ('decision', 2), ('commitment', 2), ('maintaining', 2), ('economically', 2), ('disadvantaged', 2), ('walk', 1), ('around', 1), ('campus', 1), ('look', 1), ('freshmen', 1), ('matriculation', 1), ('september', 1), ('graduates', 1), ('nickerson', 1), ('field', 1), ('see', 1), ('intentional', 1), ('building', 1), ('based', 1), ('believe', 1), ('result', 1), ('model', 1), ('country', 1), ('supreme', 1), ('court', 1), ('united', 1), ('states', 1), ('scotus—in', 1), ('cases', 1), ('addressing', 1), ('harvard', 1), ('north', 1), ('carolina—is', 1), ('profoundly', 1), ('disappointing', 1), ('takes', 1), ('us', 1), ('backward', 1), ('potentially', 1), ('creating', 1), ('college', 1), ('campuses', 1), ('america', 1), ('antithetical', 1), ('university’s', 1), ('values', 1), ('mission', 1), ('limits', 1), ('powerful', 1), ('tools', 1), ('universities', 1), ('used', 1), ('promote', 1), ('access', 1)]"
Bowdoin College.csv,124,0.6211453744493393,"[('opinion', 3), ('students', 3), ('admissions', 3), ('work', 3), ('community', 2), ('court', 2), ('fair', 2), ('v', 2), ('college', 2), ('cases', 2), ('time', 2), ('decision', 2), ('undermines', 2), ('experience', 2), ('diverse', 2), ('opportunity', 2), ('bowdoin', 1), ('us', 1), ('supreme', 1), ('handed', 1), ('morning', 1), ('president', 1), ('fellows', 1), ('harvard', 1), ('university', 1), ('north', 1), ('carolina—the', 1), ('two', 1), ('concerning', 1), ('raceconscious', 1), ('policies', 1), ('quite', 1), ('lengthy', 1), ('take', 1), ('fully', 1), ('understand', 1), ('ramifications', 1), ('even', 1), ('clear', 1), ('deeply', 1), ('disappointing', 1), ('overturned', 1), ('forty', 1), ('years', 1), ('precedent', 1), ('enhanced', 1), ('diversity', 1), ('campus', 1), ('communities', 1), ('presidentelect', 1), ('safa', 1), ('zaki', 1), ('discussed', 1), ('share', 1), ('view', 1), ('today’s', 1), ('essential', 1), ('create', 1), ('educational', 1), ('environment', 1), ('prepares', 1), ('worlds', 1), ('informed', 1), ('political', 1), ('social', 1), ('engagement', 1), ('also', 1), ('believe', 1), ('longterm', 1)]"
Brown University.csv,318,0.4904679376083189,"[('brown', 9), ('admissions', 6), ('diversity', 5), ('students', 5), ('decision', 5), ('court’s', 4), ('achieving', 4), ('affirmative', 3), ('action', 3), ('university', 3), ('student', 3), ('body', 3), ('race', 3), ('decisions', 3), ('review', 3), ('law', 3), ('strategies', 3), ('supreme', 2), ('ruling', 2), ('community', 2), ('support', 2), ('higher', 2), ('education', 2), ('educational', 2), ('mission', 2), ('consideration', 2), ('factors', 2), ('diverse', 2), ('test', 2), ('question', 2), ('—', 2), ('given', 2), ('brown’s', 2), ('court', 2), ('cases', 2), ('fair', 2), ('v', 2), ('programs', 2), ('admitting', 2), ('universities', 2), ('institutions', 2), ('continue', 2), ('know', 2), ('committed', 2), ('central', 2), ('academic', 2), ('also', 2), ('determine', 2), ('complete', 2), ('office', 2), ('provost', 2), ('units', 2), ('work', 2), ('dear', 1), ('members', 1), ('across', 1), ('20', 1), ('years', 1), ('joined', 1), ('less', 1), ('eight', 1), ('amicus', 1), ('briefs', 1), ('use', 1), ('values', 1), ('remained', 1), ('constant', 1), ('believe', 1), ('essential', 1)]"
California Institute of Technology.csv,275,0.5171026156941649,"[('students', 5), ('individuals', 4), ('commitment', 4), ('caltech', 3), ('world', 3), ('caltechs', 3), ('different', 3), ('inclusive', 3), ('community', 3), ('admissions', 3), ('practices', 3), ('continue', 3), ('backgrounds', 3), ('people', 2), ('staff', 2), ('informed', 2), ('life', 2), ('experiences', 2), ('ideas', 2), ('impact', 2), ('us', 2), ('court', 2), ('decision', 2), ('universities', 2), ('race', 2), ('within', 2), ('ruling', 2), ('scholars', 2), ('academic', 2), ('mission', 2), ('values', 2), ('time', 2), ('expanding', 2), ('society', 2), ('realize', 2), ('potential', 2), ('opportunities', 2), ('talented', 2), ('investment', 2), ('support', 2), ('explore', 2), ('science', 2), ('power', 1), ('comes', 1), ('exceptionally', 1), ('bright', 1), ('creative', 1), ('faculty', 1), ('hailing', 1), ('every', 1), ('state', 1), ('country', 1), ('nations', 1), ('around', 1), ('small', 1), ('towns', 1), ('big', 1), ('cities', 1), ('poverty', 1), ('privilege', 1), ('identifying', 1), ('female', 1), ('male', 1), ('nonbinary', 1), ('embodying', 1), ('spectrum', 1), ('races', 1), ('ethnicities', 1), ('diversity', 1)]"
California Institute of the Arts.csv,133,0.5933609958506224,"[('admissions', 4), ('process', 4), ('race', 3), ('decision', 3), ('court', 2), ('decisions', 2), ('college', 2), ('consider', 2), ('ethnicity', 2), ('ruling', 2), ('calarts', 2), ('community', 2), ('diversity', 2), ('perspectives', 2), ('impact', 2), ('education', 2), ('dear', 1), ('calartians', 1), ('us', 1), ('supreme', 1), ('issued', 1), ('two', 1), ('cases', 1), ('regarding', 1), ('affirmative', 1), ('action', 1), ('consideration', 1), ('factor', 1), ('determined', 1), ('use', 1), ('raceconscious', 1), ('practiced', 1), ('harvard', 1), ('university', 1), ('north', 1), ('carolina', 1), ('chapel', 1), ('hill', 1), ('unconstitutional', 1), ('significantly', 1), ('curtail', 1), ('ability', 1), ('colleges', 1), ('universities', 1), ('nationwide', 1), ('implications', 1), ('important', 1), ('note', 1), ('always', 1), ('engaged', 1), ('holistic', 1), ('qualitative', 1), ('admission', 1), ('directly', 1), ('applicants’', 1), ('place', 1), ('extraordinary', 1), ('value', 1), ('developing', 1), ('welcomes', 1), ('embraces', 1), ('broad', 1), ('backgrounds', 1), ('identities', 1), ('court’s', 1), ('effect', 1), ('must', 1), ('acknowledge', 1), ('across', 1)]"
Carleton College.csv,312,0.48596491228070177,"[('diversity', 8), ('admissions', 7), ('students', 7), ('court', 6), ('universities', 4), ('know', 4), ('commitment', 4), ('community', 4), ('environment', 4), ('continue', 4), ('colleges', 3), ('raceconscious', 3), ('carleton', 3), ('student', 3), ('work', 3), ('diverse', 3), ('process', 3), ('month', 2), ('supreme', 2), ('ruling', 2), ('applicant’s', 2), ('race', 2), ('court’s', 2), ('decision', 2), ('last', 2), ('university', 2), ('north', 2), ('carolina', 2), ('harvard', 2), ('practices', 2), ('increasing', 2), ('body', 2), ('may', 2), ('build', 2), ('within', 2), ('faculty', 2), ('staff', 2), ('liberal', 2), ('arts', 2), ('college’s', 2), ('learning', 2), ('together', 2), ('equity', 2), ('goal', 2), ('campus', 2), ('support', 2), ('make', 2), ('united', 1), ('states', 1), ('expected', 1), ('issue', 1), ('whether', 1), ('consider', 1), ('evaluating', 1), ('application', 1), ('admission', 1), ('don’t', 1), ('yet', 1), ('nature', 1), ('questions', 1), ('asked', 1), ('oral', 1), ('arguments', 1), ('october', 1), ('lead', 1), ('commentators', 1), ('legal', 1), ('experts', 1), ('́to', 1)]"
Carnegie Mellon University.csv,274,0.5240963855421686,"[('cmu', 7), ('community', 5), ('access', 5), ('students', 5), ('diversity', 5), ('commitment', 4), ('opportunity', 4), ('student', 4), ('programs', 3), ('education', 3), ('diverse', 3), ('support', 3), ('resources', 3), ('members', 2), ('today', 2), ('us', 2), ('court', 2), ('admissions', 2), ('university', 2), ('remain', 2), ('steadfast', 2), ('law', 2), ('admitted', 2), ('including', 2), ('many', 2), ('scholars', 2), ('world', 2), ('practices', 2), ('—', 2), ('assure', 2), ('mission', 2), ('backgrounds', 2), ('financial', 2), ('carnegie', 2), ('mellon', 2), ('impact', 2), ('inclusion', 2), ('dear', 1), ('supreme', 1), ('ruled', 1), ('harvard', 1), ('unc', 1), ('raceconscious', 1), ('cannot', 1), ('reconciled', 1), ('equal', 1), ('protection', 1), ('clause', 1), ('constitution', 1), ('founded', 1), ('expand', 1), ('key', 1), ('creating', 1), ('transformative', 1), ('educational', 1), ('experience', 1), ('studying', 1), ('opinion', 1), ('determine', 1), ('implications', 1), ('processes', 1), ('confidence', 1), ('ability', 1), ('follow', 1), ('promote', 1), ('essential', 1), ('fostering', 1), ('vibrant', 1), ('learning', 1)]"
Claremont McKenna College.csv,1,1.0,"[('nan', 1)]"
Colby College.csv,249,0.5378151260504201,"[('colby', 5), ('diversity', 5), ('students', 5), ('us', 4), ('court', 3), ('race', 3), ('among', 3), ('many', 3), ('decision', 3), ('colleges', 3), ('mission', 3), ('ruling', 2), ('use', 2), ('admissions', 2), ('harvard', 2), ('university', 2), ('one', 2), ('selective', 2), ('brief', 2), ('along', 2), ('interest', 2), ('diverse', 2), ('thought', 2), ('experience', 2), ('also', 2), ('experiences', 2), ('excellence', 2), ('commitment', 2), ('earlier', 1), ('today', 1), ('supreme', 1), ('issued', 1), ('cases', 1), ('involving', 1), ('north', 1), ('carolina', 1), ('chapel', 1), ('hill', 1), ('decades', 1), ('held', 1), ('permissible', 1), ('factor', 1), ('decisions', 1), ('overturned', 1), ('precedent', 1), ('likely', 1), ('significant', 1), ('impact', 1), ('america’s', 1), ('universities', 1), ('including', 1), ('encourage', 1), ('read', 1), ('already', 1), ('helped', 1), ('author', 1), ('amicus', 1), ('filed', 1), ('case', 1), ('leading', 1), ('argued', 1), ('compelling', 1), ('institutions', 1), ('nation', 1), ('large', 1), ('argument', 1), ('institutional', 1), ('straightforward', 1), ('education', 1)]"
Colgate University.csv,146,0.5373134328358209,"[('colgate', 9), ('university', 5), ('students', 4), ('steps', 4), ('practices', 3), ('carefully', 3), ('talented', 3), ('review', 3), ('opinion', 2), ('admissions', 2), ('implications', 2), ('determine', 2), ('continue', 2), ('diverse', 2), ('ahead', 2), ('number', 2), ('financial', 2), ('years', 2), ('process', 2), ('support', 2), ('mission', 2), ('today', 1), ('us', 1), ('supreme', 1), ('court', 1), ('released', 1), ('connection', 1), ('two', 1), ('cases', 1), ('challenged', 1), ('permissibility', 1), ('raceconscious', 1), ('public', 1), ('private', 1), ('universities', 1), ('colleges', 1), ('collaboration', 1), ('legal', 1), ('counsel', 1), ('reviewing', 1), ('potential', 1), ('working', 1), ('best', 1), ('course', 1), ('action', 1), ('recruitment', 1), ('academically', 1), ('decision', 1), ('look', 1), ('future', 1), ('admission', 1), ('cycles', 1), ('dedicated', 1), ('everything', 1), ('possible', 1), ('within', 1), ('confines', 1), ('law', 1), ('recruit', 1), ('backgrounds', 1), ('attend', 1), ('part', 1), ('longstanding', 1), ('efforts', 1), ('attract', 1), ('adopted', 1), ('aid', 1), ('recent', 1), ('first', 1)]"
College of the Ozarks.csv,1,1.0,"[('nan', 1)]"
Colorado College.csv,184,0.6081504702194357,"[('students', 4), ('us', 3), ('race', 3), ('decision', 3), ('student', 3), ('student’s', 3), ('contribute', 3), ('admissions', 2), ('harvard', 2), ('programs', 2), ('racial', 2), ('discrimination', 2), ('benefit', 2), ('must', 2), ('tied', 2), ('courage', 2), ('unique', 2), ('today’s', 2), ('continue', 2), ('creative', 2), ('learn', 2), ('diverse', 2), ('today', 1), ('fair', 1), ('inc', 1), ('v', 1), ('president', 1), ('fellows', 1), ('college', 1), ('supreme', 1), ('court', 1), ('held', 1), ('unc', 1), ('violate', 1), ('equal', 1), ('protection', 1), ('clause', 1), ('constitution', 1), ('“lack', 1), ('sufficiently', 1), ('focused', 1), ('measurable', 1), ('objectives', 1), ('warranting', 1), ('use', 1), ('unavoidably', 1), ('employ', 1), ('negative', 1), ('manner', 1), ('involve', 1), ('stereotyping', 1), ('lack', 1), ('meaningful', 1), ('end', 1), ('points”', 1), ('importantly', 1), ('court’s', 1), ('also', 1), ('emphasizes', 1), ('“nothing', 1), ('opinion', 1), ('construed', 1), ('prohibiting', 1), ('universities', 1), ('considering', 1), ('applicant’s', 1), ('discussion', 1), ('affected', 1), ('life', 1)]"
Columbia University.csv,528,0.4880952380952381,"[('students', 9), ('universities', 7), ('admissions', 7), ('court', 6), ('diverse', 6), ('university', 5), ('must', 5), ('applicants', 5), ('tests', 5), ('many', 4), ('court’s', 4), ('studies', 4), ('years', 3), ('affirmative', 3), ('action', 3), ('higher', 3), ('education', 3), ('including', 3), ('decision', 3), ('diversity', 3), ('ruling', 3), ('institutions', 3), ('ways', 3), ('may', 3), ('scores', 3), ('process', 3), ('columbia', 3), ('undergraduate', 3), ('general', 3), ('ago', 2), ('supreme', 2), ('grutter', 2), ('v', 2), ('bakke', 2), ('1978', 2), ('amendment', 2), ('american', 2), ('president', 2), ('use', 2), ('holistic', 2), ('course', 2), ('world', 2), ('good', 2), ('decades', 2), ('well', 2), ('experience', 2), ('learning', 2), ('benefit', 2), ('understanding', 2), ('leadership', 2), ('open', 2), ('time', 2), ('understand', 2), ('law', 2), ('remain', 2), ('lead', 2), ('right', 2), ('find', 2), ('new', 2), ('although', 2), ('believe', 2), ('go', 2), ('moment', 2), ('even', 2), ('extent', 2), ('graduate', 2), ('engaged', 2), ('consider', 2), ('standardised', 2)]"
Cooper Union for the Advancement of Science and Art.csv,143,0.5882352941176471,"[('cooper', 7), ('students', 4), ('union', 3), ('process', 3), ('student', 3), ('continue', 3), ('race', 2), ('gender', 2), ('religion', 2), ('socioeconomic', 2), ('status', 2), ('applicants', 2), ('based', 2), ('admissions', 2), ('half', 2), ('new', 2), ('york', 2), ('backgrounds', 2), ('experiences', 2), ('alter', 2), ('commitment', 2), ('since', 1), ('1859', 1), ('committed', 1), ('opening', 1), ('doors', 1), ('every', 1), ('background', 1), ('founder', 1), ('peter', 1), ('held', 1), ('vision', 1), ('institution', 1), ('would', 1), ('enroll', 1), ('without', 1), ('regard', 1), ('160', 1), ('years', 1), ('later', 1), ('fundamental', 1), ('principle', 1), ('lives', 1), ('discriminate', 1), ('nothing', 1), ('current', 1), ('provides', 1), ('favorable', 1), ('unfavorable', 1), ('treatment', 1), ('factors', 1), ('cooper’s', 1), ('body', 1), ('roots', 1), ('incredible', 1), ('melting', 1), ('pot', 1), ('city', 1), ('come', 1), ('corners', 1), ('us', 1), ('25', 1), ('countries', 1), ('represent', 1), ('diversity', 1), ('cultures', 1), ('identities', 1), ('kind', 1), ('community', 1)]"
Cornell University.csv,107,0.6717948717948717,"[('university', 4), ('cornell', 3), ('“any', 2), ('person', 2), ('find', 2), ('instruction', 2), ('study”', 2), ('core', 2), ('values', 2), ('founded', 1), ('1865', 1), ('committed', 1), ('ever', 1), ('since', 1), ('diversity', 1), ('inclusion', 1), ('commitment', 1), ('reiterated', 1), ('enshrined', 1), ('university’s', 1), ('adopted', 1), ('2019', 1), ('disappointed', 1), ('supreme', 1), ('court', 1), ('united', 1), ('states’', 1), ('decision', 1), ('today', 1), ('found', 1), ('harvard’s', 1), ('north', 1), ('carolina’s', 1), ('admission', 1), ('processes', 1), ('violate', 1), ('14th', 1), ('amendment', 1), ('universities', 1), ('free', 1), ('admit', 1), ('broadly', 1), ('diverse', 1), ('classes', 1), ('individualized', 1), ('holistic', 1), ('application', 1), ('review', 1), ('process', 1), ('intentionally', 1), ('creating', 1), ('student', 1), ('body', 1), ('potential', 1), ('create', 1), ('spark', 1), ('insight', 1), ('advance', 1), ('knowledge', 1), ('challenge', 1), ('one', 1), ('another', 1), ('thereby', 1), ('strengthen', 1), ('argument', 1), ('call', 1), ('assumption', 1), ('question', 1), ('generations', 1)]"
Curtis Institute of Music.csv,1,1.0,"[('nan', 1)]"
Dartmouth College.csv,225,0.49047619047619045,"[('dartmouth', 6), ('diversity', 6), ('community', 5), ('us', 4), ('values', 4), ('ruling', 4), ('admissions', 3), ('institution', 3), ('across', 3), ('want', 2), ('decision', 2), ('commitment', 2), ('diverse', 2), ('institutional', 2), ('society', 2), ('lead', 2), ('better', 2), ('differences', 2), ('opinion', 2), ('robust', 2), ('discussion', 2), ('begin', 2), ('conversation', 2), ('common', 2), ('foundational', 2), ('understanding', 2), ('lived', 2), ('experiences', 2), ('perspectives', 2), ('enriches', 2), ('discovery', 2), ('education—it', 2), ('makes', 2), ('stronger', 2), ('imperfect', 2), ('history', 2), ('comes', 2), ('embracing', 2), ('important', 2), ('state', 2), ('inspire', 2), ('actions', 2), ('today', 1), ('supreme', 1), ('court', 1), ('significantly', 1), ('limited', 1), ('colleges', 1), ('universities', 1), ('may', 1), ('consider', 1), ('race', 1), ('policies', 1), ('practices', 1), ('first', 1), ('absolutely', 1), ('clear', 1), ('way', 1), ('changes', 1), ('dartmouth’s', 1), ('fundamental', 1), ('building', 1), ('welcoming', 1), ('faculty', 1), ('students', 1), ('staff', 1), ('articulated', 1), ('including', 1), ('racial', 1)]"
Denison University.csv,0,0.0,[]
Duke University.csv,92,0.6685393258426966,"[('community', 3), ('duke', 3), ('decision', 2), ('work', 2), ('remain', 2), ('committed', 2), ('support', 2), ('let', 2), ('write', 1), ('update', 1), ('following', 1), ('today’s', 1), ('supreme', 1), ('court', 1), ('regarding', 1), ('raceconscious', 1), ('admissions', 1), ('plans', 1), ('harvard', 1), ('uncchapel', 1), ('hill', 1), ('duke’s', 1), ('position', 1), ('continues', 1), ('diversity', 1), ('absolutely', 1), ('vital', 1), ('educational', 1), ('mission—everyone', 1), ('benefits', 1), ('differing', 1), ('perspectives', 1), ('opinions', 1), ('life', 1), ('experiences', 1), ('steadfastly', 1), ('cultivating', 1), ('racially', 1), ('socially', 1), ('equitable', 1), ('fullest', 1), ('extent', 1), ('permitted', 1), ('law', 1), ('coming', 1), ('weeks', 1), ('review', 1), ('closely', 1), ('determine', 1), ('changes', 1), ('need', 1), ('made', 1), ('admission', 1), ('processes', 1), ('already', 1), ('planning', 1), ('many', 1), ('potential', 1), ('procedural', 1), ('implications', 1), ('process', 1), ('unfolds', 1), ('everything', 1), ('foster', 1), ('vibrant', 1), ('diverse', 1), ('academic', 1), ('always', 1), ('grateful', 1)]"
Emory University.csv,178,0.5495495495495496,"[('emory', 6), ('education', 6), ('diversity', 4), ('students', 4), ('community', 3), ('commitment', 3), ('universities', 3), ('university', 2), ('opportunity', 2), ('supreme', 2), ('court', 2), ('race', 2), ('factor', 2), ('admission', 2), ('colleges', 2), ('impact', 2), ('nation', 2), ('higher', 2), ('seen', 2), ('public', 2), ('emory’s', 2), ('process', 2), ('talents', 2), ('dear', 1), ('long', 1), ('enriched', 1), ('profound', 1), ('inclusion', 1), ('year', 1), ('welcome', 1), ('talented', 1), ('represent', 1), ('vast', 1), ('range', 1), ('backgrounds', 1), ('perspectives', 1), ('campuses', 1), ('central', 1), ('outstanding', 1), ('provide', 1), ('learn', 1), ('fellow', 1), ('reflect', 1), ('world', 1), ('shape', 1), ('future', 1), ('wrote', 1), ('last', 1), ('fall', 1), ('doesn’t', 1), ('merely', 1), ('enhance', 1), ('integral', 1), ('morning', 1), ('us', 1), ('ruled', 1), ('longer', 1), ('used', 1), ('explicit', 1), ('deeply', 1), ('concerned', 1), ('ruling', 1), ('across', 1), ('throughout', 1), ('career', 1), ('similar', 1), ('decisions', 1), ('firsthand', 1), ('watched', 1)]"
Franklin W. Olin College of Engineering.csv,304,0.5141242937853108,"[('olin', 9), ('students', 7), ('diverse', 4), ('diversity', 4), ('expected', 3), ('admissions', 3), ('decision', 3), ('student', 3), ('community', 3), ('year', 3), ('vision', 3), ('engineering', 3), ('office', 3), ('inclusion', 3), ('equity', 3), ('experience', 3), ('value', 3), ('states', 2), ('university', 2), ('education', 2), ('founding', 2), ('strategic', 2), ('plan', 2), ('principles', 2), ('teams', 2), ('also', 2), ('inclusive', 2), ('president', 2), ('admission', 2), ('financial', 2), ('aid', 2), ('oafa', 2), ('ahead', 2), ('admitted', 2), ('many', 2), ('first', 2), ('college', 2), ('color', 2), ('domestic', 2), ('american', 2), ('employees', 2), ('working', 2), ('dei', 2), ('current', 1), ('session', 1), ('united', 1), ('supreme', 1), ('court', 1), ('winds', 1), ('justices', 1), ('decide', 1), ('two', 1), ('cases', 1), ('challenging', 1), ('affirmative', 1), ('action', 1), ('policies', 1), ('north', 1), ('carolina', 1), ('harvard', 1), ('impending', 1), ('later', 1), ('spring', 1), ('farreaching', 1), ('consequences', 1), ('practices', 1), ('higher', 1), ('across', 1), ('country', 1)]"
Georgetown University.csv,372,0.45007235890014474,"[('court', 11), ('affirmative', 7), ('action', 7), ('admissions', 6), ('community', 6), ('decision', 5), ('supreme', 5), ('past', 5), ('today’s', 4), ('education', 4), ('students', 4), ('university', 4), ('diverse', 4), ('arguments', 3), ('v', 3), ('ruled', 3), ('best', 3), ('universities', 3), ('people', 3), ('georgetown', 3), ('work', 3), ('hope', 3), ('united', 2), ('states', 2), ('use', 2), ('higher', 2), ('two', 2), ('fair', 2), ('harvard', 2), ('raceconscious', 2), ('practices', 2), ('continue', 2), ('law', 2), ('committed', 2), ('efforts', 2), ('support', 2), ('ensure', 2), ('educational', 2), ('engaging', 2), ('colleges', 2), ('consistently', 2), ('found', 2), ('student', 2), ('diversity', 2), ('nation', 2), ('preparing', 2), ('young', 2), ('campus', 2), ('commitment', 2), ('nearly', 2), ('half', 2), ('century', 2), ('available', 2), ('societal', 2), ('future', 2), ('steps', 2), ('better', 2), ('histories', 2), ('academic', 2), ('legacies', 2), ('inclusive', 2), ('write', 1), ('following', 1), ('last', 1), ('october', 1), ('heard', 1), ('cases', 1), ('president', 1), ('fellows', 1)]"
Grinnell College.csv,277,0.5430327868852459,"[('decisions', 6), ('us', 4), ('college', 4), ('supreme', 3), ('court', 3), ('racial', 3), ('equity', 3), ('admission', 3), ('colleges', 3), ('justice', 3), ('decision', 3), ('race', 3), ('grinnell', 3), ('community', 3), ('forward', 3), ('true', 3), ('students', 2), ('sffa', 2), ('v', 2), ('work', 2), ('education', 2), ('across', 2), ('brown', 2), ('dissenting', 2), ('opinion', 2), ('required', 2), ('diversity', 2), ('undeterred', 2), ('today', 2), ('move', 2), ('court’s', 2), ('values', 2), ('academic', 2), ('excellence', 2), ('diverse', 2), ('liberal', 2), ('arts', 2), ('equality', 2), ('–', 2), ('released', 1), ('findings', 1), ('opinions', 1), ('cases', 1), ('fair', 1), ('admissions', 1), ('inc', 1), ('president', 1), ('fellows', 1), ('harvard', 1), ('university', 1), ('north', 1), ('carolina', 1), ('et', 1), ('al', 1), ('reverse', 1), ('fifty', 1), ('years', 1), ('toward', 1), ('change', 1), ('applications', 1), ('evaluated', 1), ('universities', 1), ('nation', 1), ('ketanji', 1), ('jackson', 1), ('named', 1), ('impact', 1), ('“if', 1), ('country', 1)]"
Hamilton College.csv,135,0.634453781512605,"[('diverse', 4), ('admission', 3), ('college', 3), ('benefits', 3), ('court', 2), ('colleges', 2), ('action', 2), ('hamilton', 2), ('inclusive', 2), ('community', 2), ('importance', 2), ('hill', 2), ('morning', 1), ('united', 1), ('states', 1), ('supreme', 1), ('ruled', 1), ('raceconscious', 1), ('programs', 1), ('harvard', 1), ('university', 1), ('north', 1), ('carolina', 1), ('unconstitutional', 1), ('reversing', 1), ('40', 1), ('years', 1), ('precedent', 1), ('forcing', 1), ('many', 1), ('universities', 1), ('across', 1), ('country', 1), ('revamp', 1), ('processes', 1), ('office', 1), ('long', 1), ('preparing', 1), ('outcome', 1), ('working', 1), ('outside', 1), ('counsel', 1), ('new', 1), ('york', 1), ('six', 1), ('partner', 1), ('institutions', 1), ('study', 1), ('decision', 1), ('determine', 1), ('best', 1), ('course', 1), ('everything', 1), ('within', 1), ('law', 1), ('ensure', 1), ('remains', 1), ('living', 1), ('learning', 1), ('issue', 1), ('utmost', 1), ('higher', 1), ('education', 1), ('society', 1), ('personally', 1), ('professionally', 1), ('last', 1), ('year', 1), ('joined', 1)]"
Harris-Stowe State University.csv,19,0.9354838709677419,"[('harrisstowe', 1), ('state', 1), ('university', 1), ('disappointed', 1), ('supreme', 1), ('courts', 1), ('decision', 1), ('end', 1), ('affirmative', 1), ('action', 1), ('college', 1), ('admissions', 1), ('reaffirm', 1), ('commitment', 1), ('providing', 1), ('strong', 1), ('inclusive', 1), ('educational', 1), ('environment', 1)]"
Harvard University.csv,238,0.57356608478803,"[('harvard', 10), ('community', 5), ('today', 4), ('admissions', 4), ('members', 3), ('court', 3), ('courts', 3), ('human', 3), ('world', 3), ('whose', 3), ('place', 3), ('decision', 2), ('students', 2), ('colleges', 2), ('system', 2), ('comply', 2), ('ruled', 2), ('life', 2), ('principle', 2), ('teaching', 2), ('learning', 2), ('research', 2), ('people', 2), ('many', 2), ('lived', 2), ('values', 2), ('leaders', 2), ('progress', 2), ('«', 2), ('essential', 2), ('must', 2), ('could', 2), ('always', 2), ('precedent', 2), ('dear', 1), ('supreme', 1), ('delivered', 1), ('fair', 1), ('v', 1), ('president', 1), ('fellows', 1), ('college', 1), ('held', 1), ('principles', 1), ('equal', 1), ('protection', 1), ('clause', 1), ('embodied', 1), ('title', 1), ('vi', 1), ('civil', 1), ('rights', 1), ('act', 1), ('also', 1), ('universities', 1), ('may', 1), ('consider', 1), ('decisions', 1), ('“an', 1), ('applicants', 1), ('discussion', 1), ('race', 1), ('affected', 1), ('discrimination', 1), ('inspiration', 1), ('otherwise”', 1), ('certainly', 1), ('write', 1), ('reaffirm', 1)]"
Harvey Mudd College.csv,384,0.44812680115273773,"[('students', 8), ('world', 6), ('harvey', 5), ('college', 5), ('impact', 5), ('decision', 4), ('admission', 4), ('mudd', 4), ('many', 4), ('stem', 4), ('also', 4), ('leaders', 4), ('society', 4), ('years', 4), ('diverse', 4), ('class', 4), ('today', 3), ('consider', 3), ('experiences', 3), ('perspectives', 3), ('challenges', 3), ('key', 3), ('student', 3), ('community', 3), ('diversity', 3), ('equity', 3), ('inclusion', 3), ('belonging', 3), ('last', 3), ('fields', 3), ('mission', 3), ('understand', 3), ('believe', 3), ('success', 3), ('female', 3), ('classes', 3), ('faculty', 3), ('supreme', 2), ('court’s', 2), ('office', 2), ('decisions', 2), ('commitment', 2), ('student’s', 2), ('identity', 2), ('along', 2), ('aspects', 2), ('college’s', 2), ('several', 2), ('improving', 2), ('seen', 2), ('campus', 2), ('sciences', 2), ('work', 2), ('committed', 2), ('working', 2), ('body', 2), ('50', 2), ('engineering', 2), ('hmc', 2), ('2026', 2), ('underrepresented', 2), ('members', 2), ('groups', 2), ('develop', 2), ('solutions', 2), ('facing', 2), ('life', 2), ('thinking', 2), ('prepare', 2)]"
Haverford College.csv,359,0.47401574803149604,"[('race', 7), ('–', 7), ('haverford', 7), ('admission', 5), ('court', 4), ('decisions', 4), ('admissions', 4), ('student', 4), ('colleges', 4), ('applicant’s', 4), ('rulings', 4), ('diversity', 4), ('education', 4), ('life', 4), ('many', 3), ('long', 3), ('universities', 3), ('justice', 3), ('consider', 3), ('approach', 3), ('individual', 3), ('ability', 3), ('us', 2), ('supreme', 2), ('cases', 2), ('consideration', 2), ('college', 2), ('programs', 2), ('including', 2), ('diverse', 2), ('campus', 2), ('among', 2), ('one', 2), ('possible', 2), ('processes', 2), ('raceconscious', 2), ('university', 2), ('court’s', 2), ('notes', 2), ('higher', 2), ('roberts', 2), ('said', 2), ('decision', 2), ('racial', 2), ('made', 2), ('clear', 2), ('community', 2), ('students', 2), ('access', 2), ('experiences', 2), ('haverfords', 2), ('also', 2), ('applicant', 2), ('discussion', 2), ('law', 2), ('confident', 2), ('continue', 2), ('mission', 2), ('ahead', 2), ('today', 1), ('handed', 1), ('pair', 1), ('muchawaited', 1), ('centering', 1), ('plaintiffs', 1), ('sought', 1), ('end', 1), ('affirmative', 1), ('action', 1)]"
Hillsdale College.csv,1,1.0,"[('nan', 1)]"
Johns Hopkins University.csv,264,0.5105042016806722,"[('students', 13), ('admissions', 5), ('decision', 4), ('country', 4), ('hopkins', 3), ('decisions', 3), ('university', 3), ('race', 3), ('courts', 3), ('student', 3), ('undergraduate', 3), ('johns', 2), ('community', 2), ('today', 2), ('supreme', 2), ('court', 2), ('cases', 2), ('fair', 2), ('v', 2), ('harvard', 2), ('college', 2), ('continue', 2), ('body', 2), ('diversity', 2), ('many', 2), ('todays', 2), ('significant', 2), ('know', 2), ('different', 2), ('barriers', 2), ('long', 2), ('diverse', 2), ('experience', 2), ('programs', 2), ('families', 2), ('underrepresented', 2), ('black', 2), ('made', 2), ('hispanic', 2), ('class', 2), ('make', 2), ('dear', 1), ('issued', 1), ('two', 1), ('longawaited', 1), ('president', 1), ('fellows', 1), ('north', 1), ('carolina', 1), ('found', 1), ('favor', 1), ('petitioners', 1), ('determined', 1), ('conscious', 1), ('policies', 1), ('unc', 1), ('violate', 1), ('federal', 1), ('law', 1), ('review', 1), ('opinions', 1), ('clear', 1), ('severely', 1), ('curtails', 1), ('consideration', 1), ('factor', 1), ('purpose', 1), ('seeking', 1), ('us', 1)]"
Johnson C. Smith University.csv,194,0.5986842105263158,"[('education', 8), ('students', 5), ('supreme', 4), ('higher', 4), ('university', 3), ('race', 3), ('black', 3), ('universities', 3), ('court', 3), ('jcsu', 3), ('seeking', 3), ('johnson', 2), ('c', 2), ('smith', 2), ('committed', 2), ('providing', 2), ('us', 2), ('decision', 2), ('institutions', 2), ('admissions', 2), ('access', 2), ('private', 2), ('decisions', 2), ('one', 2), ('nation’s', 2), ('college', 2), ('academic', 2), ('founded', 1), ('1867', 1), ('men', 1), ('recently', 1), ('freed', 1), ('enslavement', 1), ('long', 1), ('highquality', 1), ('diverse', 1), ('racial', 1), ('ethnic', 1), ('socioeconomic', 1), ('geographic', 1), ('backgrounds', 1), ('concerned', 1), ('court’s', 1), ('cannot', 1), ('use', 1), ('factor', 1), ('may', 1), ('limit', 1), ('brown', 1), ('particularly', 1), ('elite', 1), ('flagship', 1), ('statesupported', 1), ('“today’s', 1), ('rolls', 1), ('back', 1), ('decades', 1), ('thoughtful', 1), ('consideration', 1), ('admission', 1), ('education”', 1), ('said', 1), ('president', 1), ('clarence', 1), ('armbrister', 1), ('“it', 1), ('sad', 1), ('day', 1), ('diversity', 1)]"
Juilliard School.csv,1,1.0,"[('nan', 1)]"
Macalester College.csv,67,0.6532258064516129,"[('diverse', 3), ('college', 2), ('student', 2), ('body', 2), ('students', 2), ('education', 2), ('macalester', 2), ('supreme', 1), ('court’s', 1), ('decision', 1), ('restrict', 1), ('consideration', 1), ('race', 1), ('ethnicity', 1), ('admissions', 1), ('surprising', 1), ('disappointing', 1), ('creates', 1), ('rich', 1), ('learning', 1), ('environment', 1), ('prepares', 1), ('success', 1), ('workforce', 1), ('critical', 1), ('innovative', 1), ('economy', 1), ('healthy', 1), ('democracy', 1), ('addition', 1), ('degree', 1), ('singlemost', 1), ('powerful', 1), ('driver', 1), ('economic', 1), ('mobility', 1), ('lowerincome', 1), ('disproportionately', 1), ('members', 1), ('groups', 1), ('underrepresented', 1), ('higher', 1), ('assembling', 1), ('remain', 1), ('top', 1), ('priority', 1), ('though', 1), ('concerned', 1), ('effects', 1), ('today’s', 1), ('ruling', 1), ('prepared', 1), ('everything', 1), ('possible', 1), ('ensure', 1), ('opportunity', 1), ('remains', 1), ('accessible', 1), ('everyone', 1)]"
Massachusetts Institute of Technology.csv,286,0.5103189493433395,"[('mit', 10), ('community', 7), ('admissions', 5), ('student', 5), ('may', 4), ('court', 4), ('diverse', 4), ('new', 4), ('every', 3), ('students', 3), ('law', 3), ('excellence', 3), ('supreme', 2), ('soon', 2), ('education', 2), ('advance', 2), ('experiences', 2), ('range', 2), ('never', 2), ('–', 2), ('time', 2), ('hundreds', 2), ('services', 2), ('stu', 2), ('member', 2), ('class', 2), ('talent', 2), ('diversity', 2), ('classes', 2), ('future', 2), ('rules', 2), ('expect', 2), ('ruling', 2), ('programs', 2), ('world', 2), ('questions', 2), ('provide', 2), ('offices', 2), ('general', 2), ('counsel’s', 2), ('please', 2), ('dear', 1), ('members', 1), ('aware', 1), ('us', 1), ('expected', 1), ('rule', 1), ('two', 1), ('cases', 1), ('testing', 1), ('legality', 1), ('raceconscious', 1), ('higher', 1), ('write', 1), ('prompted', 1), ('powerful', 1), ('recent', 1), ('faculty', 1), ('lightning', 1), ('talks', 1), ('performances', 1), ('events', 1), ('around', 1), ('inauguration', 1), ('took', 1), ('breath', 1), ('away', 1), ('showcase', 1), ('institute’s', 1)]"
Middlebury College.csv,181,0.5753846153846154,"[('admissions', 4), ('mission', 4), ('supreme', 3), ('higher', 3), ('education', 3), ('inclusive', 3), ('decision', 3), ('many', 3), ('college', 3), ('cases', 3), ('work', 3), ('court', 2), ('race', 2), ('universities', 2), ('including', 2), ('middlebury', 2), ('opinion', 2), ('institutions', 2), ('briefs', 2), ('students', 2), ('admission', 2), ('steps', 2), ('several', 2), ('us', 1), ('rejected', 1), ('use', 1), ('“plus”', 1), ('factor', 1), ('practice', 1), ('sometimes', 1), ('called', 1), ('affirmative', 1), ('action', 1), ('ending', 1), ('era', 1), ('know', 1), ('necessitates', 1), ('changes', 1), ('colleges', 1), ('majority', 1), ('concludes', 1), ('saying', 1), ('“nothing', 1), ('construed', 1), ('prohibiting', 1), ('considering', 1), ('applicant’s', 1), ('discussion', 1), ('affected', 1), ('life', 1), ('discrimination', 1), ('inspiration', 1), ('otherwise”', 1), ('litigation', 1), ('included', 1), ('voices', 1), ('organizations', 1), ('filed', 1), ('amicus', 1), ('justices’', 1), ('decisions', 1), ('reflect', 1), ('thoughtful', 1), ('consideration', 1), ('detailed', 1), ('impact', 1), ('practices', 1), ('seeking', 1), ('abide', 1)]"
New York University.csv,109,0.5963302752293578,"[('community', 4), ('nyu', 3), ('however', 3), ('may', 3), ('admissions', 2), ('university', 2), ('ruling', 2), ('diversity', 2), ('decision', 2), ('continue', 2), ('remain', 2), ('supreme', 1), ('court', 1), ('issued', 1), ('opinion', 1), ('cases', 1), ('involving', 1), ('harvard', 1), ('north', 1), ('carolina', 1), ('banning', 1), ('consideration', 1), ('race', 1), ('decisionmaking', 1), ('it’s', 1), ('difficult', 1), ('day', 1), ('core', 1), ('part', 1), ('identity', 1), ('like', 1), ('many', 1), ('see', 1), ('step', 1), ('backwards', 1), ('nation’s', 1), ('struggle', 1), ('live', 1), ('promise', 1), ('opportunity', 1), ('equality', 1), ('universities’', 1), ('efforts', 1), ('achieve', 1), ('full', 1), ('set', 1), ('educational', 1), ('benefits', 1), ('flow', 1), ('founded', 1), ('belief', 1), ('education', 1), ('open', 1), ('accessible–principles', 1), ('faithful', 1), ('change', 1), ('laws', 1), ('must', 1), ('comply', 1), ('forsake', 1), ('commitment', 1), ('building', 1), ('sustaining', 1), ('scholarly', 1), ('diverse', 1), ('inclusive', 1), ('rightly', 1), ('belong', 1), ('discouraged', 1)]"
Northeastern University.csv,156,0.5641891891891891,"[('northeastern', 5), ('community', 4), ('members', 3), ('us', 2), ('decisions', 2), ('college', 2), ('legal', 2), ('core', 2), ('every', 2), ('learning', 2), ('diverse', 2), ('values', 2), ('life', 2), ('global', 2), ('university', 2), ('learn', 2), ('students', 2), ('powerful', 2), ('morning', 1), ('supreme', 1), ('court', 1), ('released', 1), ('two', 1), ('cases', 1), ('dramatically', 1), ('alter', 1), ('use', 1), ('race', 1), ('factor', 1), ('admissions', 1), ('enrollment', 1), ('experts', 1), ('review', 1), ('many', 1), ('pages', 1), ('make', 1), ('landmark', 1), ('would', 1), ('like', 1), ('reaffirm', 1), ('university’s', 1), ('values—principles', 1), ('endure', 1), ('guide', 1), ('irrespective', 1), ('court’s', 1), ('rulings', 1), ('let', 1), ('clear', 1), ('people', 1), ('possible', 1), ('background', 1), ('orientation', 1), ('ideology', 1), ('welcome', 1), ('embrace', 1), ('diversity', 1), ('forms', 1), ('makes', 1), ('stronger', 1), ('institution', 1), ('teaching', 1), ('remain', 1), ('steadfast', 1), ('commitment', 1), ('building', 1), ('globally', 1), ('community—and', 1), ('continue', 1)]"
Northwestern University.csv,176,0.5572289156626506,"[('ruling', 5), ('—', 5), ('northwestern', 4), ('university', 4), ('us', 3), ('supreme', 3), ('court’s', 3), ('decision', 3), ('one', 3), ('diversity', 3), ('students', 3), ('community', 2), ('impact', 2), ('group', 2), ('commitment', 2), ('diverse', 2), ('class', 2), ('dear', 1), ('members', 1), ('earlier', 1), ('today', 1), ('court', 1), ('issued', 1), ('struck', 1), ('raceconscious', 1), ('admissions', 1), ('programs', 1), ('harvard', 1), ('north', 1), ('carolina', 1), ('move', 1), ('institutions', 1), ('higher', 1), ('education', 1), ('deeply', 1), ('disappointed', 1), ('course', 1), ('abide', 1), ('strongly', 1), ('disagree', 1), ('interpretation', 1), ('constitution', 1), ('reflected', 1), ('majority', 1), ('opinion', 1), ('make', 1), ('difficult', 1), ('achieve', 1), ('imperatives', 1), ('promotion', 1), ('inclusion', 1), ('belonging', 1), ('campuses', 1), ('months', 1), ('working', 1), ('leaders', 1), ('convened', 1), ('provost', 1), ('kathleen', 1), ('hagerty', 1), ('examining', 1), ('northwestern’s', 1), ('current', 1), ('practices', 1), ('might', 1), ('adapt', 1), ('potential', 1), ('disruptions', 1), ('caused', 1)]"
Pitzer College.csv,312,0.5220729366602687,"[('pitzer', 9), ('admissions', 6), ('admission', 6), ('affirmative', 5), ('action', 5), ('college', 5), ('rulings', 5), ('legal', 5), ('education', 5), ('mission', 5), ('us', 3), ('court', 3), ('higher', 3), ('race', 3), ('like', 3), ('continue', 3), ('supreme', 2), ('community', 2), ('two', 2), ('cases', 2), ('precedent', 2), ('use', 2), ('practices', 2), ('harvard', 2), ('ability', 2), ('schools', 2), ('advance', 2), ('context', 2), ('new', 2), ('diverse', 2), ('body', 2), ('students', 2), ('become', 2), ('world', 2), ('core', 2), ('values', 2), ('shared', 2), ('diversity', 2), ('important', 2), ('perspectives', 2), ('questions', 2), ('available', 2), ('financial', 2), ('aid', 2), ('president', 2), ('ruling', 1), ('dear', 1), ('ruled', 1), ('today', 1), ('controversial', 1), ('involving', 1), ('reversed', 1), ('40', 1), ('years', 1), ('integral', 1), ('diversifying', 1), ('demographic', 1), ('landscape', 1), ('importantly', 1), ('involve', 1), ('universities', 1), ('private', 1), ('public', 1), ('university', 1), ('north', 1), ('carolina', 1), ('sectors', 1), ('court’s', 1), ('decisions', 1)]"
Pomona College.csv,315,0.507563025210084,"[('pomona', 5), ('college', 5), ('students', 5), ('racism', 4), ('affirmative', 4), ('action', 4), ('continue', 4), ('world', 4), ('struggle', 3), ('opportunity', 3), ('values', 3), ('diversity', 3), ('best', 3), ('dear', 2), ('community', 2), ('us', 2), ('court', 2), ('ruling', 2), ('decision', 2), ('country', 2), ('colleges', 2), ('committed', 2), ('inclusion', 2), ('families', 2), ('seek', 2), ('backgrounds', 2), ('student', 2), ('democratic', 2), ('long', 2), ('ideals', 2), ('view', 2), ('campus', 2), ('time', 2), ('see', 2), ('many', 2), ('increases', 2), ('work', 2), ('empathy', 2), ('said', 2), ('test', 2), ('justice', 2), ('payton', 2), ('look', 2), ('quest', 2), ('forward', 2), ('means', 2), ('takes', 2), ('side', 2), ('supreme', 1), ('today', 1), ('reversed', 1), ('decades', 1), ('precedent', 1), ('ends', 1), ('raceconscious', 1), ('university', 1), ('admissions', 1), ('overturns', 1), ('several', 1), ('generations', 1), ('policy', 1), ('lifetimes', 1), ('effort', 1), ('aimed', 1), ('supporting', 1), ('ongoing', 1), ('increasing', 1), ('end', 1), ('promote', 1)]"
Princeton University.csv,166,0.584717607973422,"[('every', 4), ('decision', 4), ('princeton', 3), ('today', 3), ('society', 3), ('today’s', 3), ('diversity', 3), ('community', 2), ('supreme', 2), ('court', 2), ('law', 2), ('colleges', 2), ('universities', 2), ('race', 2), ('must', 2), ('discretion', 2), ('attract', 2), ('talent', 2), ('exists', 2), ('sector', 2), ('work', 2), ('—', 2), ('university', 2), ('dear', 1), ('united', 1), ('states', 1), ('backed', 1), ('away', 1), ('fifty', 1), ('years', 1), ('established', 1), ('case', 1), ('allowing', 1), ('take', 1), ('account', 1), ('one', 1), ('factor', 1), ('among', 1), ('many', 1), ('holistic', 1), ('admission', 1), ('process', 1), ('precedents', 1), ('wisely', 1), ('recognized', 1), ('determine', 1), ('best', 1), ('find', 1), ('narrows', 1), ('significantly', 1), ('morning’s', 1), ('opinion', 1), ('unwelcome', 1), ('disappointing', 1), ('unexpected', 1), ('preparing', 1), ('possibility', 1), ('assistance', 1), ('advice', 1), ('legal', 1), ('counsel', 1), ('make', 1), ('difficult', 1), ('vigorously', 1), ('preserve', 1), ('indeed', 1), ('grow', 1), ('fully', 1), ('respecting', 1)]"
Rhode Island School of Design.csv,1,1.0,"[('nan', 1)]"
Rice University.csv,192,0.6111111111111112,"[('rice', 4), ('community', 4), ('—', 4), ('race', 3), ('excellence', 3), ('diverse', 3), ('diversity', 3), ('universities', 2), ('one', 2), ('law', 2), ('life', 2), ('experiences', 2), ('students', 2), ('backgrounds', 2), ('together', 2), ('deep', 2), ('commitment', 2), ('everything', 2), ('dear', 1), ('like', 1), ('many', 1), ('colleges', 1), ('closely', 1), ('followed', 1), ('affirmative', 1), ('action', 1), ('cases', 1), ('supreme', 1), ('court', 1), ('begun', 1), ('prepare', 1), ('various', 1), ('outcomes', 1), ('greatly', 1), ('disappointed', 1), ('american', 1), ('longer', 1), ('allowed', 1), ('consider', 1), ('applicant’s', 1), ('countless', 1), ('important', 1), ('factors', 1), ('admissions', 1), ('application', 1), ('justice', 1), ('observed', 1), ('today', 1), ('deeming', 1), ('irrelevant', 1), ('make', 1), ('reason', 1), ('resolute', 1), ('ever', 1), ('every', 1), ('day', 1), ('pursue', 1), ('celebrate', 1), ('richly', 1), ('student', 1), ('body', 1), ('filled', 1), ('manifold', 1), ('brings', 1), ('scholars', 1), ('campus', 1), ('heart', 1), ('united', 1), ('states’', 1)]"
Scripps College.csv,36,0.7681159420289855,"[('college', 2), ('continue', 2), ('scripps', 1), ('disappointed', 1), ('supreme', 1), ('court’s', 1), ('ruling', 1), ('always', 1), ('holistic', 1), ('application', 1), ('review', 1), ('process', 1), ('consistent', 1), ('law', 1), ('diversity', 1), ('access', 1), ('inclusion', 1), ('top', 1), ('priorities', 1), ('principles', 1), ('essential', 1), ('commitment', 1), ('provide', 1), ('rigorous', 1), ('liberal', 1), ('arts', 1), ('education', 1), ('prepares', 1), ('students', 1), ('contribute', 1), ('creating', 1), ('equitable', 1), ('humane', 1), ('society', 1)]"
Skidmore College.csv,182,0.5764705882352941,"[('skidmore', 6), ('community', 6), ('decision', 4), ('today', 2), ('legal', 2), ('ruling', 2), ('information', 2), ('implications', 2), ('practices', 2), ('remain', 2), ('committed', 2), ('mission', 2), ('students', 2), ('learning', 2), ('process', 2), ('continue', 2), ('many', 2), ('together', 2), ('dear', 1), ('earlier', 1), ('supreme', 1), ('court', 1), ('handed', 1), ('striking', 1), ('harvard', 1), ('universitys', 1), ('university', 1), ('north', 1), ('carolina', 1), ('chapel', 1), ('hill’s', 1), ('raceconscious', 1), ('admission', 1), ('policies', 1), ('violating', 1), ('equal', 1), ('protection', 1), ('clause', 1), ('fourteenth', 1), ('amendment', 1), ('currently', 1), ('consulting', 1), ('counsel', 1), ('examining', 1), ('237page', 1), ('justices’', 1), ('opinions', 1), ('majority', 1), ('dissenting', 1), ('share', 1), ('full', 1), ('impact', 1), ('skidmore’s', 1), ('admissions', 1), ('fully', 1), ('understood', 1), ('course', 1), ('comply', 1), ('requirements', 1), ('sets', 1), ('forth', 1), ('new', 1), ('york', 1), ('six', 1), ('liberal', 1), ('arts', 1), ('consortium', 1), ('member', 1), ('issued', 1)]"
Smith College.csv,304,0.5398406374501992,"[('students', 7), ('college', 6), ('work', 5), ('community', 5), ('student', 5), ('admissions', 4), ('president', 4), ('university', 4), ('backgrounds', 4), ('diverse', 4), ('harvard', 3), ('north', 3), ('carolina', 3), ('smith', 3), ('commitment', 3), ('financial', 3), ('supreme', 2), ('court', 2), ('ruled', 2), ('fair', 2), ('v', 2), ('action', 2), ('comply', 2), ('access', 2), ('includes', 2), ('people', 2), ('variety', 2), ('experiences', 2), ('court’s', 2), ('decision', 2), ('continue', 2), ('body', 2), ('process', 2), ('applicant’s', 2), ('background', 2), ('need', 2), ('every', 2), ('organizations', 2), ('attract', 2), ('society', 2), ('grants', 2), ('support', 2), ('actions', 2), ('dear', 1), ('staff', 1), ('faculty', 1), ('today', 1), ('two', 1), ('related', 1), ('cases', 1), ('fellows', 1), ('specifically', 1), ('affirmative', 1), ('admission', 1), ('systems', 1), ('used', 1), ('chapel', 1), ('hill', 1), ('equal', 1), ('protection', 1), ('clause', 1), ('fourteenth', 1), ('amendment', 1), ('founded', 1), ('mission', 1), ('women', 1), ('write', 1), ('letter', 1), ('presidentelect', 1)]"
Spelman College.csv,96,0.625,"[('supreme', 3), ('court’s', 3), ('decision', 3), ('diversity', 3), ('college', 3), ('president', 2), ('helene', 2), ('gayle', 2), ('ruling', 2), ('affirmative', 2), ('action', 2), ('black', 2), ('brown', 2), ('access', 2), ('education', 2), ('also', 2), ('impact', 2), ('across', 2), ('statement', 1), ('us', 1), ('court', 1), ('june', 1), ('29', 1), ('2023', 1), ('deeply', 1), ('disappointed', 1), ('united', 1), ('states', 1), ('today', 1), ('strike', 1), ('allowed', 1), ('colleges', 1), ('consider', 1), ('race', 1), ('factor', 1), ('admissions', 1), ('policies', 1), ('reverses', 1), ('generations', 1), ('progress', 1), ('opened', 1), ('doors', 1), ('communities', 1), ('equal', 1), ('higher', 1), ('institutions', 1), ('choice', 1), ('goes', 1), ('growing', 1), ('nation', 1), ('importance', 1), ('democracy', 1), ('end', 1), ('campuses', 1), ('farreaching', 1), ('implications', 1), ('affect', 1), ('sectors', 1), ('society', 1), ('look', 1), ('forward', 1), ('working', 1), ('colleagues', 1), ('hbcus', 1), ('msis', 1), ('continue', 1), ('legacies', 1), ('providing', 1), ('quality', 1)]"
Stanford University.csv,311,0.4523809523809524,"[('stanford', 10), ('admissions', 8), ('students', 6), ('world', 5), ('diverse', 5), ('community', 4), ('university', 4), ('student', 4), ('many', 4), ('continue', 4), ('environment', 4), ('new', 3), ('diversity', 3), ('mission', 3), ('knowledge', 3), ('ruling', 3), ('body', 3), ('know', 3), ('means', 3), ('educational', 3), ('one', 3), ('holistic', 3), ('review', 3), ('backgrounds', 3), ('work', 3), ('undergraduate', 2), ('graduate', 2), ('experience', 2), ('people', 2), ('raceconscious', 2), ('help', 2), ('ways', 2), ('opportunity', 2), ('consider', 2), ('experiences', 2), ('legal', 2), ('also', 2), ('potential', 2), ('answers', 2), ('today', 2), ('questions', 2), ('following', 2), ('applicants', 2), ('want', 2), ('including', 2), ('make', 2), ('faculty', 2), ('benefit', 2), ('dear', 1), ('members', 1), ('year', 1), ('welcomes', 1), ('class', 1), ('accomplished', 1), ('inspiring', 1), ('across', 1), ('nation', 1), ('around', 1), ('brings', 1), ('unique', 1), ('set', 1), ('insights', 1), ('ideas', 1), ('represent', 1), ('remarkable', 1), ('dimensions', 1), ('thought', 1), ('background', 1), ('identity', 1)]"
Swarthmore College.csv,263,0.5555555555555556,"[('students', 8), ('swarthmore', 6), ('college', 6), ('admissions', 4), ('diverse', 4), ('also', 4), ('community', 3), ('decision', 3), ('diversity', 3), ('learning', 3), ('financial', 3), ('—', 3), ('many', 2), ('prospective', 2), ('race', 2), ('factors', 2), ('need', 2), ('time', 2), ('ruling', 2), ('today’s', 2), ('commitment', 2), ('inclusion', 2), ('considering', 2), ('communities', 2), ('ability', 2), ('successful', 2), ('we’ve', 2), ('practices', 2), ('programs', 2), ('education', 2), ('organizations', 2), ('marginalized', 2), ('historically', 2), ('aid', 2), ('new', 2), ('may', 2), ('dear', 1), ('members', 1), ('today', 1), ('anticipated', 1), ('us', 1), ('supreme', 1), ('court', 1), ('issued', 1), ('significantly', 1), ('limits', 1), ('extent', 1), ('university', 1), ('analyze', 1), ('fully', 1), ('understand', 1), ('implications', 1), ('colleagues', 1), ('working', 1), ('general', 1), ('counsel’s', 1), ('office', 1), ('outside', 1), ('legal', 1), ('consultants', 1), ('prepare', 1), ('outcome', 1), ('comply', 1), ('law', 1), ('let', 1), ('clear', 1), ('allow', 1), ('erode', 1), ('steadfast', 1)]"
Tufts University.csv,191,0.5292397660818714,"[('tufts', 6), ('decision', 5), ('community', 4), ('diversity', 4), ('make', 4), ('court', 3), ('today', 3), ('university', 3), ('institutional', 3), ('experience', 3), ('past', 3), ('diverse', 3), ('court’s', 3), ('group', 3), ('students', 2), ('academic', 2), ('several', 2), ('years', 2), ('law', 2), ('values', 2), ('inclusion', 2), ('enriches', 2), ('lives', 2), ('every', 2), ('us', 2), ('continuing', 2), ('welcoming', 2), ('year', 2), ('working', 2), ('dear', 1), ('know', 1), ('supreme', 1), ('ruled', 1), ('favor', 1), ('fair', 1), ('admissions', 1), ('case', 1), ('harvard', 1), ('north', 1), ('carolina', 1), ('believe', 1), ('majority—despite', 1), ('arguments', 1), ('made', 1), ('institutions—failed', 1), ('appropriately', 1), ('consider', 1), ('decades', 1), ('research', 1), ('including', 1), ('demonstrating', 1), ('drives', 1), ('excellence', 1), ('must—and', 1), ('will—respect', 1), ('nothing', 1), ('said', 1), ('change', 1), ('commitment', 1), ('equity', 1), ('belonging', 1), ('foundation', 1), ('transformational', 1), ('creating', 1), ('learning', 1), ('opportunities', 1), ('available', 1), ('also', 1), ('put', 1)]"
Tulane University.csv,140,0.5752895752895753,"[('university', 3), ('commitment', 3), ('community', 3), ('students', 3), ('great', 2), ('discovery', 2), ('transformative', 2), ('decision', 2), ('announced', 2), ('us', 2), ('supreme', 2), ('court', 2), ('diversity', 2), ('diverse', 2), ('wide', 2), ('array', 2), ('faculty', 2), ('staff', 2), ('research', 2), ('ensure', 2), ('continue', 2), ('best', 2), ('truly', 1), ('defined', 1), ('breakthrough', 1), ('worldclass', 1), ('scholarship', 1), ('personal', 1), ('growth', 1), ('enrichment', 1), ('following', 1), ('earlier', 1), ('today', 1), ('write', 1), ('reaffirm', 1), ('university’s', 1), ('essential', 1), ('element', 1), ('excellence', 1), ('tulane', 1), ('must', 1), ('equitable', 1), ('inclusive', 1), ('welcomes', 1), ('supports', 1), ('value', 1), ('derived', 1), ('enriches', 1), ('energizes', 1), ('informs', 1), ('teaching', 1), ('ways', 1), ('benefit', 1), ('everyone', 1), ('last', 1), ('several', 1), ('years', 1), ('made', 1), ('strides', 1), ('fostering', 1), ('environment', 1), ('member', 1), ('academic', 1), ('thrive', 1), ('much', 1), ('work', 1), ('together', 1), ('preparing', 1), ('today’s', 1)]"
"University of California, Irvine.csv",187,0.5514950166112956,"[('admissions', 8), ('california', 5), ('university', 4), ('race', 4), ('college', 4), ('higher', 4), ('education', 4), ('decision', 3), ('use', 3), ('us', 3), ('diversity', 3), ('address', 3), ('student', 3), ('diverse', 3), ('important', 3), ('work', 3), ('supreme', 2), ('court’s', 2), ('institutions', 2), ('remains', 2), ('—', 2), ('pursue', 2), ('tool', 2), ('consideration', 2), ('inequities', 2), ('president', 1), ('michael', 1), ('v', 1), ('drake', 1), ('md', 1), ('issued', 1), ('following', 1), ('statement', 1), ('today', 1), ('thursday', 1), ('june', 1), ('29', 1), ('regarding', 1), ('disappointed', 1), ('bar', 1), ('valuable', 1), ('practice', 1), ('helped', 1), ('increase', 1), ('historical', 1), ('wrongs', 1), ('past', 1), ('several', 1), ('decades', 1), ('top', 1), ('priority', 1), ('one', 1), ('continue', 1), ('every', 1), ('available', 1), ('attracting', 1), ('supporting', 1), ('retaining', 1), ('body', 1), ('leads', 1), ('better', 1), ('quality', 1), ('instruction', 1), ('educational', 1), ('outcomes', 1), ('significant', 1), ('community', 1), ('benefits', 1), ('overall', 1)]"
"University of California, Los Angeles.csv",193,0.6291793313069909,"[('admissions', 4), ('students', 4), ('race', 3), ('decision', 3), ('209', 3), ('us', 2), ('consideration', 2), ('decisions', 2), ('colleges', 2), ('universities', 2), ('university', 2), ('california', 2), ('efforts', 2), ('opportunity', 2), ('diversity', 2), ('higher', 2), ('education', 2), ('similar', 2), ('proposition', 2), ('ethnicity', 2), ('institutions', 2), ('diverse', 2), ('ucla’s', 2), ('reach', 2), ('policies', 2), ('one', 2), ('supreme', 1), ('court’s', 1), ('ruling', 1), ('today', 1), ('banning', 1), ('comes', 1), ('painful', 1), ('blow', 1), ('many', 1), ('echoing', 1), ('president', 1), ('michael', 1), ('drake', 1), ('would', 1), ('like', 1), ('express', 1), ('disappointment', 1), ('substantial', 1), ('impact', 1), ('expand', 1), ('counter', 1), ('ongoing', 1), ('patterns', 1), ('discrimination', 1), ('bring', 1), ('historically', 1), ('shut', 1), ('still', 1), ('analyzing', 1), ('language', 1), ('determine', 1), ('whether', 1), ('direct', 1), ('effect', 1), ('upon', 1), ('ucla', 1), ('operating', 1), ('constraints', 1), ('time', 1), ('1996', 1), ('voters', 1), ('passed', 1), ('barred', 1)]"
"University of California, San Diego.csv",158,0.6226415094339622,"[('ruling', 3), ('race', 3), ('admissions', 3), ('campus', 3), ('uc', 3), ('diversity', 3), ('students', 3), ('consideration', 2), ('today’s', 2), ('may', 2), ('community', 2), ('diverse', 2), ('access', 2), ('education', 2), ('san', 2), ('diego', 2), ('today', 1), ('supreme', 1), ('court', 1), ('issued', 1), ('complex', 1), ('regarding', 1), ('use', 1), ('potentially', 1), ('ending', 1), ('ethnicity', 1), ('decisions', 1), ('nationwide', 1), ('applaud', 1), ('university', 1), ('california', 1), ('president', 1), ('drake’s', 1), ('statement', 1), ('share', 1), ('disappointment', 1), ('recognize', 1), ('cause', 1), ('concern', 1), ('many', 1), ('want', 1), ('reiterate', 1), ('steadfast', 1), ('commitment', 1), ('cultivating', 1), ('inclusive', 1), ('members', 1), ('feel', 1), ('sense', 1), ('belonging', 1), ('able', 1), ('thrive', 1), ('examining', 1), ('working', 1), ('mitigate', 1), ('impact', 1), ('decision', 1), ('california’s', 1), ('proposition', 1), ('209', 1), ('prohibited', 1), ('gender', 1), ('public', 1), ('college', 1), ('since', 1), ('1996', 1), ('despite', 1), ('fellow', 1), ('campuses', 1)]"
"University of California, Santa Barbara.csv",66,0.6666666666666666,"[('access', 3), ('campus', 3), ('president', 2), ('regarding', 2), ('student', 2), ('diversity', 2), ('writing', 1), ('share', 1), ('important', 1), ('message', 1), ('drake', 1), ('todays', 1), ('decision', 1), ('supreme', 1), ('court', 1), ('use', 1), ('race', 1), ('college', 1), ('admissions', 1), ('despite', 1), ('ruling', 1), ('commitment', 1), ('goals', 1), ('equity', 1), ('remains', 1), ('want', 1), ('echo', 1), ('drakes', 1), ('sentiments', 1), ('top', 1), ('priority', 1), ('university', 1), ('california', 1), ('committed', 1), ('advancing', 1), ('mission', 1), ('excellence', 1), ('providing', 1), ('opportunity', 1), ('continue', 1), ('work', 1), ('together', 1), ('provide', 1), ('broadest', 1), ('possible', 1), ('affordable', 1), ('highquality', 1), ('uc', 1), ('education', 1), ('support', 1), ('diverse', 1), ('learning', 1), ('living', 1), ('working', 1), ('environment', 1), ('members', 1), ('community', 1), ('thrive', 1)]"
University of Chicago.csv,189,0.52,"[('university', 8), ('diversity', 6), ('environment', 3), ('chicago', 3), ('students', 3), ('backgrounds', 3), ('perspectives', 3), ('important', 2), ('helped', 2), ('rigorous', 2), ('us', 2), ('ruling', 2), ('universities', 2), ('consider', 2), ('student', 2), ('made', 2), ('welcoming', 2), ('experiences', 2), ('bringing', 2), ('together', 2), ('people', 2), ('range', 2), ('recent', 2), ('diverse', 2), ('values', 2), ('committed', 2), ('continue', 2), ('bring', 2), ('write', 1), ('reaffirm', 1), ('value', 1), ('underpin', 1), ('enable', 1), ('research', 1), ('learning', 1), ('characterizes', 1), ('principle', 1), ('vital', 1), ('ever', 1), ('today', 1), ('supreme', 1), ('court', 1), ('issued', 1), ('cases', 1), ('involving', 1), ('north', 1), ('carolina', 1), ('harvard', 1), ('concerning', 1), ('whether', 1), ('may', 1), ('race', 1), ('applicants', 1), ('factor', 1), ('admissions', 1), ('decisions', 1), ('light', 1), ('decision', 1), ('time', 1), ('reflect', 1), ('progress', 1), ('commit', 1), ('continuing', 1), ('work', 1), ('strength—and', 1), ('indeed', 1), ('foundational', 1), ('academic', 1), ('success', 1)]"
University of Miami.csv,123,0.6101694915254238,"[('admissions', 4), ('students', 4), ('university', 3), ('two', 2), ('fair', 2), ('v', 2), ('remain', 2), ('opportunity', 2), ('continue', 2), ('excellence', 2), ('miami', 2), ('community', 2), ('values', 2), ('many', 1), ('seen', 1), ('us', 1), ('supreme', 1), ('court', 1), ('issued', 1), ('decision', 1), ('cases', 1), ('related', 1), ('raceconscious', 1), ('harvard', 1), ('north', 1), ('carolina', 1), ('want', 1), ('assure', 1), ('comply', 1), ('law', 1), ('deeply', 1), ('committed', 1), ('culture', 1), ('belonging', 1), ('valued', 1), ('add', 1), ('value', 1), ('preparing', 1), ('outcome', 1), ('case', 1), ('offer', 1), ('exceptional', 1), ('educational', 1), ('opportunities', 1), ('based', 1), ('students’', 1), ('individual', 1), ('accomplishments', 1), ('life', 1), ('experiences', 1), ('well', 1), ('commitment', 1), ('fundamental', 1), ('principle', 1), ('access', 1), ('higher', 1), ('education', 1), ('driver', 1), ('social', 1), ('mobility', 1), ('strive', 1), ('long', 1), ('relied', 1), ('talent', 1), ('diversity', 1), ('inclusive', 1), ('scholars', 1), ('home', 1), ('19000', 1)]"
University of Michigan--Ann Arbor.csv,397,0.4725925925925926,"[('diverse', 8), ('diversity', 8), ('body', 6), ('community', 5), ('race', 5), ('policies', 5), ('student', 5), ('university', 4), ('students', 4), ('um', 4), ('admissions', 4), ('racial', 4), ('proposal', 4), ('2', 4), ('um’s', 4), ('experiences', 4), ('educational', 3), ('academic', 3), ('leaders', 3), ('court’s', 3), ('broadly', 3), ('education', 3), ('significant', 3), ('raceneutral', 3), ('equity', 3), ('inclusion', 3), ('strategic', 3), ('plan', 3), ('communities', 3), ('much', 3), ('progress', 3), ('work', 3), ('campus', 2), ('michigan', 2), ('commitment', 2), ('excellence', 2), ('us', 2), ('decision', 2), ('significantly', 2), ('ruling', 2), ('believe', 2), ('increasing', 2), ('global', 2), ('society', 2), ('research', 2), ('manner', 2), ('state', 2), ('public', 2), ('considering', 2), ('efforts', 2), ('higher', 2), ('support', 2), ('made', 2), ('practices', 2), ('procedures', 2), ('—', 2), ('resulted', 2), ('representation', 2), ('socioeconomically', 2), ('achieve', 2), ('less', 2), ('successful', 2), ('achieving', 2), ('effort', 2), ('dei', 2), ('lessons', 2), ('learned', 2), ('learning', 2), ('live', 2)]"
University of North Carolina at Chapel Hill.csv,107,0.5857142857142857,"[('carolina', 4), ('supreme', 3), ('students', 3), ('outcome', 3), ('decision', 3), ('community', 3), ('court', 2), ('admissions', 2), ('north', 2), ('case', 2), ('campus', 2), ('know', 2), ('morning', 1), ('us', 1), ('issued', 1), ('ruling', 1), ('fair', 1), ('inc', 1), ('v', 1), ('university', 1), ('et', 1), ('al', 1), ('raceconscious', 1), ('hoped', 1), ('respect', 1), ('court’s', 1), ('follow', 1), ('guidance', 1), ('committed', 1), ('bringing', 1), ('together', 1), ('talented', 1), ('different', 1), ('perspectives', 1), ('life', 1), ('experiences', 1), ('making', 1), ('affordable', 1), ('highquality', 1), ('education', 1), ('accessible', 1), ('people', 1), ('beyond', 1), ('passionately', 1), ('public', 1), ('always', 1), ('true', 1), ('strategic', 1), ('plan’s', 1), ('first', 1), ('initiative', 1), ('“build', 1), ('together”', 1), ('build', 1), ('work', 1), ('provide', 1), ('environment', 1), ('belong', 1), ('thrive', 1), ('may', 1), ('raise', 1), ('questions', 1), ('future', 1), ('fulfill', 1), ('mission', 1), ('live', 1), ('values', 1), ('built', 1), ('preparing', 1)]"
University of Notre Dame.csv,49,0.7126436781609196,"[('mission', 3), ('notre', 2), ('dame', 2), ('catholic', 1), ('compels', 1), ('us', 1), ('build', 1), ('class', 1), ('reflecting', 1), ('diversity', 1), ('experiences', 1), ('gifts', 1), ('human', 1), ('family', 1), ('undertake', 1), ('comprehensive', 1), ('assessment', 1), ('applicants', 1), ('admit', 1), ('talented', 1), ('students', 1), ('interests', 1), ('aspirations', 1), ('consonant', 1), ('provide', 1), ('opportunities', 1), ('wide', 1), ('range', 1), ('young', 1), ('people', 1), ('commitments', 1), ('meaningful', 1), ('today', 1), ('yesterday', 1), ('study', 1), ('supreme', 1), ('court’s', 1), ('decision', 1), ('consider', 1), ('implications', 1), ('admissions', 1), ('process', 1), ('strive', 1), ('fulfill', 1), ('distinctive', 1)]"
University of Pennsylvania.csv,161,0.5985915492957746,"[('admissions', 4), ('students', 4), ('community', 4), ('penn', 3), ('diverse', 3), ('many', 3), ('supreme', 2), ('two', 2), ('raceconscious', 2), ('changes', 2), ('first', 2), ('court’s', 2), ('admit', 2), ('compliance', 2), ('essential', 2), ('contribute', 2), ('experiences', 2), ('decision', 2), ('morning', 1), ('court', 1), ('ruled', 1), ('related', 1), ('cases', 1), ('challenging', 1), ('higher', 1), ('education', 1), ('decades', 1), ('universities', 1), ('like', 1), ('permitted', 1), ('assemble', 1), ('class', 1), ('considering', 1), ('applicant’s', 1), ('race', 1), ('one', 1), ('factor', 1), ('among', 1), ('holistic', 1), ('review', 1), ('process', 1), ('today’s', 1), ('ruling', 1), ('declaring', 1), ('programs', 1), ('harvard', 1), ('university', 1), ('north', 1), ('carolina', 1), ('unlawful', 1), ('equal', 1), ('protection', 1), ('clause', 1), ('us', 1), ('constitution', 1), ('title', 1), ('vi', 1), ('civil', 1), ('rights', 1), ('act', 1), ('hours', 1), ('following', 1), ('release', 1), ('rulings', 1), ('messages', 1), ('studying', 1), ('opinion', 1), ('ensure', 1), ('law', 1)]"
University of Southern California.csv,70,0.7416666666666667,"[('decision', 2), ('usc', 2), ('students', 2), ('every', 2), ('creating', 2), ('todays', 1), ('supreme', 1), ('court', 1), ('prohibiting', 1), ('holistic', 1), ('raceconscious', 1), ('admissions', 1), ('practices', 1), ('disappointing', 1), ('long', 1), ('understood', 1), ('excellence', 1), ('diversity', 1), ('inextricably', 1), ('intertwined', 1), ('educate', 1), ('innovative', 1), ('thoughtful', 1), ('across', 1), ('globe', 1), ('become', 1), ('leaders', 1), ('field', 1), ('faculty', 1), ('staff', 1), ('earned', 1), ('place', 1), ('contributes', 1), ('one', 1), ('stimulating', 1), ('creative', 1), ('educational', 1), ('communities', 1), ('world', 1), ('impact', 1), ('commitment', 1), ('campus', 1), ('welcoming', 1), ('diverse', 1), ('inclusive', 1), ('talented', 1), ('individuals', 1), ('background', 1), ('provides', 1), ('outstanding', 1), ('learning', 1), ('community', 1), ('differing', 1), ('backgrounds', 1), ('points', 1), ('view', 1), ('embraced', 1), ('ideas', 1), ('collide', 1), ('beliefs', 1), ('challenged', 1), ('innovation', 1), ('thrives', 1), ('go', 1), ('backward', 1)]"
University of Virginia.csv,165,0.5901639344262295,"[('opinion', 4), ('admissions', 4), ('court', 3), ('university', 3), ('diversity', 3), ('students', 3), ('goal', 3), ('supreme', 2), ('today', 2), ('policies', 2), ('affect', 2), ('uva', 2), ('community', 2), ('ways', 2), ('institutions', 2), ('may', 2), ('approach', 2), ('make', 2), ('continue', 2), ('every', 2), ('possible', 2), ('perspectives', 2), ('forward', 2), ('editors', 1), ('note', 1), ('released', 1), ('case', 1), ('involving', 1), ('affirmative', 1), ('action', 1), ('college', 1), ('virginia', 1), ('president', 1), ('jim', 1), ('ryan', 1), ('provost', 1), ('ian', 1), ('baucom', 1), ('sent', 1), ('statement', 1), ('united', 1), ('states', 1), ('issued', 1), ('limits', 1), ('colleges', 1), ('universities', 1), ('promote', 1), ('racial', 1), ('practices', 1), ('stated', 1), ('higher', 1), ('education', 1), ('consider', 1), ('“an', 1), ('applicant’s', 1), ('discussion', 1), ('race', 1), ('affected', 1), ('life', 1), ('discrimination', 1), ('inspiration', 1), ('otherwise”', 1), ('majority', 1), ('holds', 1), ('harvard', 1), ('north', 1), ('carolina’s', 1), ('racerelated', 1), ('unconstitutional', 1)]"
Vanderbilt University.csv,311,0.5226860254083484,"[('community', 8), ('university', 7), ('court’s', 7), ('decision', 7), ('vanderbilt', 5), ('—', 5), ('call', 5), ('us', 4), ('admissions', 3), ('supreme', 3), ('students', 3), ('experience', 3), ('experiences', 3), ('view', 3), ('center', 3), ('appointment', 3), ('strongly', 2), ('growth', 2), ('every', 2), ('perspectives', 2), ('academic', 2), ('applicant’s', 2), ('life', 2), ('diverse', 2), ('commitment', 2), ('faculty', 2), ('staff', 2), ('share', 2), ('members', 2), ('one', 2), ('committed', 2), ('student', 2), ('schedule', 2), ('dear', 1), ('today', 1), ('decisions', 1), ('processes', 1), ('harvard', 1), ('north', 1), ('carolina', 1), ('chapel', 1), ('hill', 1), ('court', 1), ('ruled', 1), ('universities’', 1), ('raceconscious', 1), ('practices', 1), ('violate', 1), ('equal', 1), ('protection', 1), ('clause', 1), ('constitution', 1), ('leader', 1), ('deeply', 1), ('disappointed', 1), ('believe', 1), ('must', 1), ('able', 1), ('enroll', 1), ('allow', 1), ('best', 1), ('serve', 1), ('mission', 1), ('deliver', 1), ('outstanding', 1), ('educational', 1), ('diversity', 1), ('broadly', 1), ('defined', 1)]"
Vassar College.csv,470,0.5,"[('vassar', 15), ('students', 10), ('colleges', 5), ('race', 4), ('diverse', 4), ('mission', 4), ('history', 4), ('equity', 4), ('supreme', 3), ('court', 3), ('california', 3), ('black', 3), ('inclusive', 3), ('learning', 3), ('racial', 3), ('together', 3), ('members', 3), ('groups', 3), ('experience', 3), ('access', 3), ('women', 3), ('liberal', 3), ('arts', 3), ('engaged', 3), ('pluralism', 3), ('office', 3), ('today', 2), ('years', 2), ('may', 2), ('consider', 2), ('life', 2), ('among', 2), ('many', 2), ('admission', 2), ('affirmative', 2), ('action', 2), ('university', 2), ('experienced', 2), ('nearly', 2), ('environment', 2), ('following', 2), ('ban', 2), ('implemented', 2), ('ethnic', 2), ('diversity', 2), ('admissions', 2), ('policies', 2), ('last', 2), ('value', 2), ('one', 2), ('law', 2), ('enroll', 2), ('values', 2), ('college', 2), ('quality', 2), ('education', 2), ('men', 2), ('continue', 2), ('educational', 2), ('excellence', 2), ('graduation', 2), ('commitment', 2), ('merely', 2), ('difference', 2), ('teaching', 2), ('future', 2), ('challenges', 2), ('faculty', 2), ('experiences', 2)]"
Villanova University.csv,75,0.6691729323308271,"[('today’s', 2), ('decision', 2), ('villanova', 2), ('community', 2), ('factors', 2), ('experiences', 2), ('light', 1), ('supreme', 1), ('court', 1), ('like', 1), ('colleges', 1), ('universities', 1), ('across', 1), ('country', 1), ('carefully', 1), ('review', 1), ('details', 1), ('ruling', 1), ('determine', 1), ('may', 1), ('specifically', 1), ('impact', 1), ('admissions', 1), ('processes', 1), ('programs', 1), ('augustinian', 1), ('catholic', 1), ('institution', 1), ('built', 1), ('upon', 1), ('values', 1), ('unitas', 1), ('veritas', 1), ('caritas', 1), ('recognize', 1), ('unique', 1), ('gifts', 1), ('talents', 1), ('individual', 1), ('brings', 1), ('remains', 1), ('unchanged', 1), ('continue', 1), ('employ', 1), ('holistic', 1), ('approach', 1), ('decisionmaking', 1), ('considers', 1), ('variety', 1), ('including', 1), ('academic', 1), ('extracurricular', 1), ('achievements', 1), ('well', 1), ('related', 1), ('student', 1), ('background', 1), ('since', 1), ('1842', 1), ('enriched', 1), ('strengthened', 1), ('individuals', 1), ('diverse', 1), ('backgrounds', 1), ('beliefs', 1), ('stay', 1), ('true', 1), ('foundation—now', 1), ('future', 1)]"
Wake Forest University.csv,162,0.5620689655172414,"[('wake', 4), ('forest', 4), ('university', 4), ('commitment', 4), ('diverse', 4), ('community', 3), ('intellectual', 3), ('court', 2), ('opinion', 2), ('admissions', 2), ('programs', 2), ('learning', 2), ('mission', 2), ('values', 2), ('students', 2), ('backgrounds', 2), ('compliance', 2), ('court’s', 2), ('ruling', 2), ('teams', 2), ('institution', 2), ('dear', 1), ('today', 1), ('supreme', 1), ('united', 1), ('states', 1), ('issued', 1), ('two', 1), ('cases', 1), ('concerning', 1), ('use', 1), ('race', 1), ('factor', 1), ('higher', 1), ('education', 1), ('ruled', 1), ('raceconscious', 1), ('admission', 1), ('harvard', 1), ('north', 1), ('carolina', 1), ('chapel', 1), ('hill', 1), ('unlawful', 1), ('write', 1), ('affirm', 1), ('waver', 1), ('creating', 1), ('sustaining', 1), ('inclusive', 1), ('communities', 1), ('change', 1), ('continue', 1), ('recruit', 1), ('enroll', 1), ('academically', 1), ('qualified', 1), ('seek', 1), ('home', 1), ('belong', 1), ('thrive', 1), ('college', 1), ('graduate', 1), ('professional', 1), ('schools', 1), ('preparing', 1), ('moment', 1), ('direction', 1), ('examined', 1)]"
Washington and Lee University.csv,492,0.4807228915662651,"[('admissions', 9), ('university', 8), ('justice', 8), ('court', 6), ('diverse', 6), ('powell', 6), ('supreme', 4), ('decision', 4), ('wl', 4), ('lee', 4), ('mission', 4), ('universities', 4), ('powell’s', 4), ('community', 3), ('programs', 3), ('equal', 3), ('fourteenth', 3), ('amendment', 3), ('washington', 3), ('prepared', 3), ('diversity', 3), ('better', 3), ('continue', 3), ('permissible', 3), ('may', 3), ('law', 3), ('applicants', 3), ('race', 3), ('class', 3), ('student', 3), ('body', 3), ('bakke', 3), ('us', 3), ('o’connor', 3), ('raceconscious', 2), ('president', 2), ('yesterday', 2), ('protection', 2), ('ruling', 2), ('remains', 2), ('unchanged', 2), ('education', 2), ('graduates', 2), ('leadership', 2), ('others', 2), ('also', 2), ('educational', 2), ('virtue', 2), ('perspectives', 2), ('life', 2), ('experiences', 2), ('campus', 2), ('ability', 2), ('attract', 2), ('support', 2), ('increasingly', 2), ('changed', 2), ('legally', 2), ('means', 2), ('fully', 2), ('one', 2), ('1978', 2), ('factor', 2), ('decisions', 2), ('school', 2), ('california', 2), ('vs', 2), ('rights', 2), ('use', 2)]"
Washington University in St. Louis.csv,191,0.472289156626506,"[('community', 5), ('students', 4), ('decision', 3), ('know', 3), ('commitment', 3), ('diverse', 3), ('student', 3), ('body', 3), ('backgrounds', 3), ('washu', 3), ('diversity', 3), ('make', 3), ('want', 3), ('supreme', 2), ('court', 2), ('ruling', 2), ('education', 2), ('admissions', 2), ('it’s', 2), ('important', 2), ('perspectives', 2), ('variety', 2), ('experience', 2), ('understand', 2), ('today', 1), ('united', 1), ('states', 1), ('issued', 1), ('prevent', 1), ('higher', 1), ('institutions', 1), ('like', 1), ('considering', 1), ('race', 1), ('factor', 1), ('decisions', 1), ('must', 1), ('respect', 1), ('abide', 1), ('one', 1), ('thing', 1), ('cultivating', 1), ('welcoming', 1), ('supporting', 1), ('includes', 1), ('individuals', 1), ('broad', 1), ('range', 1), ('changed', 1), ('change', 1), ('critically', 1), ('allows', 1), ('faculty', 1), ('staff', 1), ('learn', 1), ('teach', 1), ('work', 1), ('environment', 1), ('exposed', 1), ('wide', 1), ('people', 1), ('ideas', 1), ('experiences', 1), ('without', 1), ('would', 1), ('able', 1), ('provide', 1), ('worldclass', 1), ('educational', 1)]"
Webb Institute.csv,137,0.6483050847457628,"[('webb', 4), ('applicants', 3), ('best', 3), ('us', 2), ('admissions', 2), ('policies', 2), ('practices', 2), ('college', 2), ('diverse', 2), ('continues', 2), ('student', 2), ('body', 2), ('community', 1), ('june', 1), ('29', 1), ('supreme', 1), ('court', 1), ('announced', 1), ('decision', 1), ('colleges', 1), ('universities', 1), ('may', 1), ('consider', 1), ('race', 1), ('national', 1), ('association', 1), ('counseling', 1), ('nacac', 1), ('created', 1), ('admissionslegal', 1), ('team', 1), ('analyze', 1), ('237page', 1), ('opinion', 1), ('provide', 1), ('guidance', 1), ('coming', 1), ('weeks', 1), ('months', 1), ('compliance', 1), ('ruling', 1), ('review', 1), ('ensure', 1), ('fully', 1), ('compliant', 1), ('remains', 1), ('committed', 1), ('admission', 1), ('process', 1), ('meritbased', 1), ('inclusive', 1), ('seek', 1), ('diversity', 1), ('amongst', 1), ('meet', 1), ('high', 1), ('academic', 1), ('standards', 1), ('brightest', 1), ('come', 1), ('applicant', 1), ('pool', 1), ('work', 1), ('increase', 1), ('representation', 1), ('qualified', 1), ('individuals', 1), ('far', 1), ('better', 1)]"
Wellesley College.csv,489,0.4191555097837281,"[('students', 16), ('wellesley', 7), ('know', 6), ('diverse', 6), ('decision', 6), ('court’s', 6), ('commitment', 6), ('ruling', 5), ('admissions', 5), ('continue', 5), ('excellence', 5), ('learn', 5), ('process', 5), ('student', 4), ('us', 3), ('college', 3), ('impact', 3), ('academic', 3), ('programs', 3), ('campus', 3), ('important', 3), ('diversity', 3), ('backgrounds', 3), ('experiences', 3), ('admission', 3), ('need', 3), ('want', 3), ('aid', 3), ('outreach', 3), ('increase', 3), ('work', 3), ('remain', 3), ('today', 2), ('supreme', 2), ('court', 2), ('sffa', 2), ('v', 2), ('university', 2), ('north', 2), ('carolina', 2), ('harvard', 2), ('define', 2), ('many', 2), ('community', 2), ('deeply', 2), ('life', 2), ('may', 2), ('permit', 2), ('without', 2), ('take', 2), ('fully', 2), ('decisions', 2), ('colleges', 2), ('universities', 2), ('educational', 2), ('across', 2), ('next', 2), ('inclusive', 2), ('access', 2), ('calculated', 2), ('enroll', 2), ('range', 2), ('financial', 2), ('way', 2), ('based', 2), ('use', 2), ('efforts', 2), ('apply', 2), ('ensure', 2)]"
Wesleyan University.csv,238,0.5704057279236276,"[('community', 5), ('court', 4), ('decision', 4), ('race', 4), ('diverse', 4), ('admission', 3), ('considering', 3), ('today’s', 2), ('supreme', 2), ('college', 2), ('admissions', 2), ('history', 2), ('law', 2), ('conservative', 2), ('majority', 2), ('policies', 2), ('wesleyan', 2), ('class', 2), ('students', 2), ('campus', 2), ('ability', 2), ('lived', 2), ('experience', 2), ('applicant’s', 2), ('discussion', 2), ('racial', 2), ('create', 2), ('financial', 2), ('aid', 2), ('dean', 2), ('consideration', 1), ('extremely', 1), ('disappointing', 1), ('appealing', 1), ('principle', 1), ('“colorblindness”', 1), ('odds', 1), ('court’s', 1), ('says', 1), ('“trust', 1), ('us”', 1), ('imposes', 1), ('higher', 1), ('education’s', 1), ('remains', 1), ('deeply', 1), ('committed', 1), ('admitting', 1), ('lead', 1), ('learning', 1), ('using', 1), ('reductive', 1), ('sense', 1), ('dealt', 1), ('challenged', 1), ('university’s', 1), ('select', 1), ('enroll', 1), ('racially', 1), ('university', 1), ('encouraged', 1), ('however', 1), ('recognized', 1), ('importance', 1), ('factor', 1), ('impacting', 1), ('applicant', 1), ('ruled', 1), ('“all', 1)]"
Williams College.csv,220,0.5813333333333334,"[('williams', 4), ('decision', 4), ('students', 4), ('admissions', 4), ('diversity', 4), ('community', 3), ('college', 3), ('education', 3), ('race', 3), ('fair', 2), ('inc', 2), ('v', 2), ('president', 2), ('cases', 2), ('raceconscious', 2), ('higher', 2), ('court’s', 2), ('consider', 2), ('today’s', 2), ('especially', 2), ('within', 2), ('new', 2), ('great', 2), ('promise', 2), ('differences', 2), ('also', 2), ('perspectives', 2), ('full', 2), ('people', 2), ('us', 1), ('supreme', 1), ('court', 1), ('handed', 1), ('fellows', 1), ('harvard', 1), ('university', 1), ('north', 1), ('carolina', 1), ('et', 1), ('al', 1), ('chief', 1), ('justice', 1), ('roberts’s', 1), ('opinion', 1), ('covered', 1), ('ruled', 1), ('currently', 1), ('practiced', 1), ('unconstitutional', 1), ('reinterprets', 1), ('precedent', 1), ('regarding', 1), ('invalidating', 1), ('admission', 1), ('practices', 1), ('one', 1), ('factor', 1), ('among', 1), ('many—approaches', 1), ('schools', 1), ('relied', 1), ('decades', 1), ('inclusion', 1), ('access', 1), ('core', 1), ('values', 1), ('write', 1), ('together', 1), ('board', 1)]"
Yale University.csv,395,0.4837758112094395,"[('yale', 12), ('students', 7), ('diverse', 6), ('decisions', 5), ('yale’s', 5), ('diversity', 5), ('community', 4), ('admissions', 4), ('court’s', 4), ('education', 4), ('range', 4), ('review', 3), ('reaffirm', 3), ('well', 3), ('higher', 3), ('committed', 3), ('university', 3), ('universities', 3), ('every', 3), ('educational', 3), ('experiences', 3), ('law', 3), ('school', 3), ('members', 2), ('supreme', 2), ('court', 2), ('cases', 2), ('race', 2), ('time', 2), ('fully', 2), ('consider', 2), ('policies', 2), ('today', 2), ('creating', 2), ('inclusive', 2), ('core', 2), ('teaching', 2), ('leaders', 2), ('society', 2), ('scholarship', 2), ('continue', 2), ('today’s', 2), ('reverend', 2), ('murray', 2), ('graduate', 2), ('colleges', 2), ('journey', 2), ('including', 2), ('racial', 2), ('progress', 2), ('together', 2), ('amicus', 2), ('enhances', 2), ('improves', 2), ('alumni', 2), ('faculty', 2), ('staff', 2), ('environment', 2), ('nation', 2), ('excellent', 2), ('believe', 2), ('legal', 2), ('dear', 1), ('morning', 1), ('issued', 1), ('two', 1), ('examine', 1), ('consideration', 1), ('take', 1)]"
